transaction_id,old_parent,new_parent,child,type,date,old_president_name,new_president_name
2187-27_tr_02,Minister of Defence,"State Minister of Internal Security, Home Affairs and Disaster Management",Sri Lanka Police,department,2020-08-09,Gotabaya Rajapaksa,Gotabaya Rajapaksa
2187-27_tr_06,"Minister of Buddhasasana, Cultural and Religious Affairs",Minister of Defence,Department of Archaeology,department,2020-08-09,Gotabaya Rajapaksa,Gotabaya Rajapaksa
2187-27_tr_07,State Minister of Public Management and Accounting,Minister of Defence,Miloda Institute (Academy of Financial Studies),department,2020-08-09,Gotabaya Rajapaksa,Gotabaya Rajapaksa
2187-27_tr_08,"Minister of Public Administration, Home Affairs, Provincial Councils & Local Government","State Minister of Internal Security, Home Affairs and Disaster Management",All District Secretariats and Divisional Secretariats,department,2020-08-09,Gotabaya Rajapaksa,Gotabaya Rajapaksa
2187-27_tr_10,State Minister of Public Administration and Home Affairs,"State Minister of Internal Security, Home Affairs and Disaster Management",Department of Registrar General,department,2020-08-09,Gotabaya Rajapaksa,Gotabaya Rajapaksa
2187-27_tr_11,Minister of Defence,"State Minister of Internal Security, Home Affairs and Disaster Management",Department of Registration of Persons,department,2020-08-09,Gotabaya Rajapaksa,Gotabaya Rajapaksa
2187-27_tr_12,"Minister of Mahaweli, Agriculture, Irrigation and Rural Development","State Minister of Internal Security, Home Affairs and Disaster Management",Department of Immigration and Emigration,department,2020-08-09,Gotabaya Rajapaksa,Gotabaya Rajapaksa
2187-27_tr_13,Minister of Defence,"State Minister of Internal Security, Home Affairs and Disaster Management",Secretariat for Non-Governmental Organizations,department,2020-08-09,Gotabaya Rajapaksa,Gotabaya Rajapaksa
2187-27_tr_14,Minister of Defence,"State Minister of Internal Security, Home Affairs and Disaster Management",National Disaster Management Council,department,2020-08-09,Gotabaya Rajapaksa,Gotabaya Rajapaksa
2187-27_tr_15,Minister of Defence,"State Minister of Internal Security, Home Affairs and Disaster Management",Disaster Management Centre,department,2020-08-09,Gotabaya Rajapaksa,Gotabaya Rajapaksa
2187-27_tr_16,Minister of Defence,"State Minister of Internal Security, Home Affairs and Disaster Management",National Disaster Relief Services Centre,department,2020-08-09,Gotabaya Rajapaksa,Gotabaya Rajapaksa
2187-27_tr_17,Minister of Defence,"State Minister of Internal Security, Home Affairs and Disaster Management",Department of Meteorology,department,2020-08-09,Gotabaya Rajapaksa,Gotabaya Rajapaksa
2187-27_tr_18,Minister of Defence,"State Minister of Internal Security, Home Affairs and Disaster Management",National Building Research Organization,department,2020-08-09,Gotabaya Rajapaksa,Gotabaya Rajapaksa
2187-27_tr_24,"Minister of Finance",State Minister of Money and Capital Market and State Enterprise Reforms,Department of Public Enterprises,department,2020-08-09,Gotabaya Rajapaksa,Gotabaya Rajapaksa
2187-27_tr_25,"Minister of Finance",State Minister of Money and Capital Market and State Enterprise Reforms,Department of Project Management and Supervision,department,2020-08-09,Gotabaya Rajapaksa,Gotabaya Rajapaksa
2187-27_tr_26,"Minister of Finance",State Minister of Money and Capital Market and State Enterprise Reforms,National Operations Centre,department,2020-08-09,Gotabaya Rajapaksa,Gotabaya Rajapaksa
2187-27_tr_31,State Minister of Women and Child Affairs,Minister of Finance,Protection of Children-National Trust Fund,department,2020-08-09,Gotabaya Rajapaksa,Gotabaya Rajapaksa
2187-27_tr_32,"Minister of Skills Development, Employment and Labour Relations",Minister of Finance,Shrama Vasana Fund,department,2020-08-09,Gotabaya Rajapaksa,Gotabaya Rajapaksa
2187-27_tr_33,Minister of Healthcare and Indigenous Medical Services,Minister of Finance,National Health Development Fund,department,2020-08-09,Gotabaya Rajapaksa,Gotabaya Rajapaksa
2187-27_tr_34,State Minister of Indigenous Medical Services,Minister of Finance,Kidney Fund,department,2020-08-09,Gotabaya Rajapaksa,Gotabaya Rajapaksa
2187-27_tr_35,Minister of Plantation Industries and Export Agriculture,Minister of Finance,Tea Shakthi Fund,department,2020-08-09,Gotabaya Rajapaksa,Gotabaya Rajapaksa
2187-27_tr_36,Minister of Plantation Industries and Export Agriculture,Minister of Finance,Kapruka Fund,department,2020-08-09,Gotabaya Rajapaksa,Gotabaya Rajapaksa
2187-27_tr_37,State Minister of Public Administration and Home Affairs,Minister of Finance,Public Service Pensioners' Trust Fund,department,2020-08-09,Gotabaya Rajapaksa,Gotabaya Rajapaksa
2187-27_tr_38,"Minister of Buddhasasana, Cultural and Religious Affairs",Minister of Finance,Buddhasasana Fund,department,2020-08-09,Gotabaya Rajapaksa,Gotabaya Rajapaksa
2187-27_tr_39,"Minister of Buddhasasana, Cultural and Religious Affairs",Minister of Finance,Buddhist Renaissance Fund,department,2020-08-09,Gotabaya Rajapaksa,Gotabaya Rajapaksa
2187-27_tr_40,"Minister of Skills Development, Employment and Labour Relations",Minister of Finance,Skills Development Fund Ltd.,department,2020-08-09,Gotabaya Rajapaksa,Gotabaya Rajapaksa
2187-27_tr_41,"Minister of Public Administration, Home Affairs, Provincial Councils & Local Government",Minister of Finance,Local Loans and Development Fund,department,2020-08-09,Gotabaya Rajapaksa,Gotabaya Rajapaksa
2187-27_tr_42,"Minister of Higher Education, Technology and Innovation",Minister of Finance,Inventors' Fund,department,2020-08-09,Gotabaya Rajapaksa,Gotabaya Rajapaksa
2187-27_tr_43,Minister of Plantation Industries and Export Agriculture,Minister of Finance,Thurusaviya Fund,department,2020-08-09,Gotabaya Rajapaksa,Gotabaya Rajapaksa
2187-27_tr_44,"Minister of Buddhasasana, Cultural and Religious Affairs",Minister of Finance,Central Cultural Fund,department,2020-08-09,Gotabaya Rajapaksa,Gotabaya Rajapaksa
2187-27_tr_46,"Minister of Finance, Economic and Policy Development","State Minister of Samurdhi, Household Economy, Micro Finance, Self Employment, Business Development and Underutilized State Resources Development",State Resources Management Corporation,department,2020-08-09,Gotabaya Rajapaksa,Gotabaya Rajapaksa
2187-27_tr_47,Minister of Women & Child Affairs and Social Security,"State Minister of Samurdhi, Household Economy, Micro Finance, Self Employment, Business Development and Underutilized State Resources Development",Department of Samurdhi Development,department,2020-08-09,Gotabaya Rajapaksa,Gotabaya Rajapaksa
2187-27_tr_49,Minister of Small & Medium Business and Enterprise Development,"State Minister of Samurdhi, Household Economy, Micro Finance, Self Employment, Business Development and Underutilized State Resources Development",National Enterprise Development Authority,department,2020-08-09,Gotabaya Rajapaksa,Gotabaya Rajapaksa
2187-27_tr_50,Minister of Small & Medium Business and Enterprise Development,"State Minister of Samurdhi, Household Economy, Micro Finance, Self Employment, Business Development and Underutilized State Resources Development",Small and Medium Enterprise Venture Capital Company,department,2020-08-09,Gotabaya Rajapaksa,Gotabaya Rajapaksa
2187-27_tr_51,Minister of Small & Medium Business and Enterprise Development,"State Minister of Samurdhi, Household Economy, Micro Finance, Self Employment, Business Development and Underutilized State Resources Development",Small and Medium Enterprise Authority,department,2020-08-09,Gotabaya Rajapaksa,Gotabaya Rajapaksa
2187-27_tr_52,Minister of Community Empowerment and Estate Infrastructure Development,"State Minister of Samurdhi, Household Economy, Micro Finance, Self Employment, Business Development and Underutilized State Resources Development",Gramashakthi Bureau,department,2020-08-09,Gotabaya Rajapaksa,Gotabaya Rajapaksa
2187-27_tr_53,Minister of Women & Child Affairs and Social Security,"State Minister of Samurdhi, Household Economy, Micro Finance, Self Employment, Business Development and Underutilized State Resources Development",National Social Development Institute,department,2020-08-09,Gotabaya Rajapaksa,Gotabaya Rajapaksa
2187-27_tr_54,State Minister of Social Security,"State Minister of Samurdhi, Household Economy, Micro Finance, Self Employment, Business Development and Underutilized State Resources Development",Rural Development Training and Research Institute,department,2020-08-09,Gotabaya Rajapaksa,Gotabaya Rajapaksa
2187-27_tr_55,State Minister of Social Security,"State Minister of Samurdhi, Household Economy, Micro Finance, Self Employment, Business Development and Underutilized State Resources Development",Social Security Board,department,2020-08-09,Gotabaya Rajapaksa,Gotabaya Rajapaksa
2187-27_tr_56,State Minister of Social Security,"State Minister of Samurdhi, Household Economy, Micro Finance, Self Employment, Business Development and Underutilized State Resources Development",National Council for Persons with Disabilities,department,2020-08-09,Gotabaya Rajapaksa,Gotabaya Rajapaksa
2187-27_tr_57,State Minister of Social Security,"State Minister of Samurdhi, Household Economy, Micro Finance, Self Employment, Business Development and Underutilized State Resources Development",National Secretariat for Persons with Disabilities,department,2020-08-09,Gotabaya Rajapaksa,Gotabaya Rajapaksa
2187-27_tr_65,"Minister of Buddha Sasana, Religious and Cultural Affairs","State Minister of National Heritage, Performing Arts and Rural Arts Promotion",Tower Hall Theatre Foundation,department,2020-08-09,Gotabaya Rajapaksa,Gotabaya Rajapaksa
2187-27_tr_66,"Minister of Buddha Sasana, Religious and Cultural Affairs","State Minister of National Heritage, Performing Arts and Rural Arts Promotion",National Arts Council,department,2020-08-09,Gotabaya Rajapaksa,Gotabaya Rajapaksa
2187-27_tr_67,"Minister of Buddha Sasana, Religious and Cultural Affairs","State Minister of National Heritage, Performing Arts and Rural Arts Promotion",Gramodaya Folk Arts Centre,department,2020-08-09,Gotabaya Rajapaksa,Gotabaya Rajapaksa
2187-27_tr_68,"Minister of Buddha Sasana, Religious and Cultural Affairs","State Minister of National Heritage, Performing Arts and Rural Arts Promotion",Ape Gama,department,2020-08-09,Gotabaya Rajapaksa,Gotabaya Rajapaksa
2187-27_tr_69,"Minister of Buddha Sasana, Religious and Cultural Affairs","State Minister of National Heritage, Performing Arts and Rural Arts Promotion",Galle Heritage Foundation,department,2020-08-09,Gotabaya Rajapaksa,Gotabaya Rajapaksa
2187-27_tr_71,"Minister of Buddha Sasana, Religious and Cultural Affairs","State Minister of National Heritage, Performing Arts and Rural Arts Promotion",National Performing Arts Theatre (Nelum Pokuna),department,2020-08-09,Gotabaya Rajapaksa,Gotabaya Rajapaksa
2187-27_tr_73,Minister of Finance,Minister of Urban Development and Housing,Hotel Developers (Lanka) PLC (PQ 143),department,2020-08-09,Gotabaya Rajapaksa,Gotabaya Rajapaksa
2187-27_tr_75,Minister of Urban Development and Housing,"State Minister of Urban Development, Coast Conservation, Waste Disposal and Community Cleanliness",Urban Development Authority,department,2020-08-09,Gotabaya Rajapaksa,Gotabaya Rajapaksa
2187-27_tr_77,Minister of Urban Development and Housing,"State Minister of Urban Development, Coast Conservation, Waste Disposal and Community Cleanliness",Sri Lanka Land Reclamation Development Corporation and their subsidiaries and related institutions,department,2020-08-09,Gotabaya Rajapaksa,Gotabaya Rajapaksa
2187-27_tr_80,Minister of Urban Development and Housing,"State Minister of Urban Development, Coast Conservation, Waste Disposal and Community Cleanliness",Urban Settlement Development Authority,department,2020-08-09,Gotabaya Rajapaksa,Gotabaya Rajapaksa
2187-27_tr_82,Minister of Urban Development and Housing,"State Minister of Urban Development, Coast Conservation, Waste Disposal and Community Cleanliness",Condominium Management Authority,department,2020-08-09,Gotabaya Rajapaksa,Gotabaya Rajapaksa
2187-27_tr_83,Minister of Environment and Wildlife Resources,"State Minister of Urban Development, Coast Conservation, Waste Disposal and Community Cleanliness",Marine Environment Protection Authority,department,2020-08-09,Gotabaya Rajapaksa,Gotabaya Rajapaksa
2187-27_tr_84,Minister of Environment and Wildlife Resources,"State Minister of Urban Development, Coast Conservation, Waste Disposal and Community Cleanliness",Department of Coast Conservation and Coastal Resource Management,department,2020-08-09,Gotabaya Rajapaksa,Gotabaya Rajapaksa
2187-27_tr_85,Minister of Urban Development and Housing,"State Minister of Rural Housing, Construction and Building Material Industries",National Housing Development Authority,department,2020-08-09,Gotabaya Rajapaksa,Gotabaya Rajapaksa
2187-27_tr_86,Minister of Urban Development and Housing,"State Minister of Rural Housing, Construction and Building Material Industries",Building Material Corporation Limited,department,2020-08-09,Gotabaya Rajapaksa,Gotabaya Rajapaksa
2187-27_tr_87,Minister of Urban Development and Housing,"State Minister of Rural Housing, Construction and Building Material Industries",Department of Buildings,department,2020-08-09,Gotabaya Rajapaksa,Gotabaya Rajapaksa
2187-27_tr_88,Minister of Urban Development and Housing,"State Minister of Rural Housing, Construction and Building Material Industries",Department of Government Factories,department,2020-08-09,Gotabaya Rajapaksa,Gotabaya Rajapaksa
2187-27_tr_89,Minister of Urban Development and Housing,"State Minister of Rural Housing, Construction and Building Material Industries",Construction Industry Development Authority,department,2020-08-09,Gotabaya Rajapaksa,Gotabaya Rajapaksa
2187-27_tr_90,Minister of Urban Development and Housing,"State Minister of Rural Housing, Construction and Building Material Industries",State Engineering Corporation,department,2020-08-09,Gotabaya Rajapaksa,Gotabaya Rajapaksa
2187-27_tr_91,Minister of Urban Development and Housing,"State Minister of Rural Housing, Construction and Building Material Industries",State Development and Construction Corporation,department,2020-08-09,Gotabaya Rajapaksa,Gotabaya Rajapaksa
2187-27_tr_92,Minister of Urban Development and Housing,"State Minister of Rural Housing, Construction and Building Material Industries",National Equipment and Machinery Organization,department,2020-08-09,Gotabaya Rajapaksa,Gotabaya Rajapaksa
2187-27_tr_93,Minister of Urban Development and Housing,"State Minister of Rural Housing, Construction and Building Material Industries",Ocean View Development (Pvt) Ltd.,department,2020-08-09,Gotabaya Rajapaksa,Gotabaya Rajapaksa
2187-27_tr_94,Minister of Community Empowerment and Estate Infrastructure Development,State Minister of Estate Housing and Community Infrastructure,New Villages Development Authority for Plantation Region,department,2020-08-09,Gotabaya Rajapaksa,Gotabaya Rajapaksa
2187-27_tr_95,Minister of Community Empowerment and Estate Infrastructure Development,State Minister of Estate Housing and Community Infrastructure,Plantation Human Development Trust,department,2020-08-09,Gotabaya Rajapaksa,Gotabaya Rajapaksa
2187-27_tr_96,Minister of Community Empowerment and Estate Infrastructure Development,State Minister of Estate Housing and Community Infrastructure,Saumyamoorthi Thondaman Memorial Foundation,department,2020-08-09,Gotabaya Rajapaksa,Gotabaya Rajapaksa
2187-27_tr_97,Minister of Community Empowerment and Estate Infrastructure Development,State Minister of Estate Housing and Community Infrastructure,Estate Sector Self-Employment Revolving Fund,department,2020-08-09,Gotabaya Rajapaksa,Gotabaya Rajapaksa
2187-27_tr_105,Minister of Justice,State Minister of Prison Reforms and Prisoners' Rehabilitation,Department of Prisons,department,2020-08-09,Gotabaya Rajapaksa,Gotabaya Rajapaksa
2187-27_tr_106,Minister of Justice,State Minister of Prison Reforms and Prisoners' Rehabilitation,Community Based Correction Department,department,2020-08-09,Gotabaya Rajapaksa,Gotabaya Rajapaksa
2187-27_tr_107,Minister of Justice,State Minister of Prison Reforms and Prisoners' Rehabilitation,Training Schools for Youthful Offenders,department,2020-08-09,Gotabaya Rajapaksa,Gotabaya Rajapaksa
2187-27_tr_108,Minister of Justice,State Minister of Prison Reforms and Prisoners' Rehabilitation,Rehabilitation Commissioner General's Office,department,2020-08-09,Gotabaya Rajapaksa,Gotabaya Rajapaksa
2187-27_tr_110,Minister of Finance,Foreign Minister,Department of Commerce,department,2020-08-09,Gotabaya Rajapaksa,Gotabaya Rajapaksa
2187-27_tr_112,Foreign Minister,State Minister of Regional Cooperation,Lakshman Kadirgamar Institute for International Relations and Strategic Studies,department,2020-08-09,Gotabaya Rajapaksa,Gotabaya Rajapaksa
2187-27_tr_114,Minister of Finance,"Minister of Public Services, Provincial Councils and Local Government",Public Service Mutual Benefits Association,department,2020-08-09,Gotabaya Rajapaksa,Gotabaya Rajapaksa
2187-27_tr_116,"Minister of Public Services, Provincial Councils and Local Government",State Minister of Provincial Councils and Local Government,Sri Lanka Institute of Local Government,department,2020-08-09,Gotabaya Rajapaksa,Gotabaya Rajapaksa
2187-27_tr_117,"Minister of Higher Education, Technology and Innovation",Minister of Education,University Grants Commission,department,2020-08-09,Gotabaya Rajapaksa,Gotabaya Rajapaksa
2187-27_tr_118,"Minister of Higher Education, Technology and Innovation",Minister of Education,"All State Universities, Postgraduate Institutions and other Institutions under the purview of University Grants Commission",department,2020-08-09,Gotabaya Rajapaksa,Gotabaya Rajapaksa
2187-27_tr_120,State Minister of Women and Child Affairs,"State Minister of Women and Child Development, Pre-schools and Primary Education, School Infrastructure and Education Services",Department of Probation and Childcare Services,department,2020-08-09,Gotabaya Rajapaksa,Gotabaya Rajapaksa
2187-27_tr_121,State Minister of Women and Child Affairs,"State Minister of Women and Child Development, Pre-schools and Primary Education, School Infrastructure and Education Services",National Child Protection Authority,department,2020-08-09,Gotabaya Rajapaksa,Gotabaya Rajapaksa
2187-27_tr_122,State Minister of Women and Child Affairs,"State Minister of Women and Child Development, Pre-schools and Primary Education, School Infrastructure and Education Services",Children's Secretariat,department,2020-08-09,Gotabaya Rajapaksa,Gotabaya Rajapaksa
2187-27_tr_123,Minister of Women & Child Affairs and Social Security,"State Minister of Women and Child Development, Pre-schools and Primary Education, School Infrastructure and Education Services",Sri Lanka Women's Bureau,department,2020-08-09,Gotabaya Rajapaksa,Gotabaya Rajapaksa
2187-27_tr_124,Minister of Women & Child Affairs and Social Security,"State Minister of Women and Child Development, Pre-schools and Primary Education, School Infrastructure and Education Services",National Committee on Women,department,2020-08-09,Gotabaya Rajapaksa,Gotabaya Rajapaksa
2187-27_tr_126,State Minister of Indigenous Medical Services,"State Minister of Women and Child Development, Pre-schools and Primary Education, School Infrastructure and Education Services",Sri Lanka Thriposha Co. Ltd.,department,2020-08-09,Gotabaya Rajapaksa,Gotabaya Rajapaksa
2187-27_tr_128,Minister of Education,"State Minister of Education Reforms, Open Universities and Distance Learning Promotion",National Institute of Education,department,2020-08-09,Gotabaya Rajapaksa,Gotabaya Rajapaksa
2187-27_tr_129,Minister of Education,"State Minister of Education Reforms, Open Universities and Distance Learning Promotion",National Education Commission,department,2020-08-09,Gotabaya Rajapaksa,Gotabaya Rajapaksa
2187-27_tr_131,"Minister of Higher Education, Technology and Innovation","State Minister of Skills Development, Vocational Education, Research and Innovation",Sri Lanka Institute of Advanced Technological Education,department,2020-08-09,Gotabaya Rajapaksa,Gotabaya Rajapaksa
2187-27_tr_132,"Minister of Higher Education, Technology and Innovation","State Minister of Skills Development, Vocational Education, Research and Innovation",National Institute of Business Management and affiliated institutions,department,2020-08-09,Gotabaya Rajapaksa,Gotabaya Rajapaksa
2187-27_tr_133,"Minister of Higher Education, Technology and Innovation","State Minister of Skills Development, Vocational Education, Research and Innovation",University of Vocational Technology,department,2020-08-09,Gotabaya Rajapaksa,Gotabaya Rajapaksa
2187-27_tr_134,"Minister of Higher Education, Technology and Innovation","State Minister of Skills Development, Vocational Education, Research and Innovation",National Institute of Fisheries and Nautical Engineering (Ocean University),department,2020-08-09,Gotabaya Rajapaksa,Gotabaya Rajapaksa
2187-27_tr_135,"Minister of Skills Development, Employment and Labour Relations","State Minister of Skills Development, Vocational Education, Research and Innovation",Vocational Training Authority of Sri Lanka,department,2020-08-09,Gotabaya Rajapaksa,Gotabaya Rajapaksa
2187-27_tr_136,"Minister of Skills Development, Employment and Labour Relations","State Minister of Skills Development, Vocational Education, Research and Innovation",National Apprenticeship and Industrial Training Authority,department,2020-08-09,Gotabaya Rajapaksa,Gotabaya Rajapaksa
2187-27_tr_137,"Minister of Skills Development, Employment and Labour Relations","State Minister of Skills Development, Vocational Education, Research and Innovation",Ceylon German Technical Training Institute,department,2020-08-09,Gotabaya Rajapaksa,Gotabaya Rajapaksa
2187-27_tr_138,"Minister of Skills Development, Employment and Labour Relations","State Minister of Skills Development, Vocational Education, Research and Innovation",Sri Lanka Institute of Printing,department,2020-08-09,Gotabaya Rajapaksa,Gotabaya Rajapaksa
2187-27_tr_139,"Minister of Skills Development, Employment and Labour Relations","State Minister of Skills Development, Vocational Education, Research and Innovation",Department of Technical Education and Training,department,2020-08-09,Gotabaya Rajapaksa,Gotabaya Rajapaksa
2187-27_tr_140,"Minister of Higher Education, Technology and Innovation","State Minister of Skills Development, Vocational Education, Research and Innovation",Industrial Technology Institute,department,2020-08-09,Gotabaya Rajapaksa,Gotabaya Rajapaksa
2187-27_tr_141,"Minister of Higher Education, Technology and Innovation","State Minister of Skills Development, Vocational Education, Research and Innovation",Sri Lanka Institute of Nano Technology (Pvt.) Ltd.,department,2020-08-09,Gotabaya Rajapaksa,Gotabaya Rajapaksa
2187-27_tr_142,"Minister of Higher Education, Technology and Innovation","State Minister of Skills Development, Vocational Education, Research and Innovation",National Institute of Fundamental Studies,department,2020-08-09,Gotabaya Rajapaksa,Gotabaya Rajapaksa
2187-27_tr_143,"Minister of Higher Education, Technology and Innovation","State Minister of Skills Development, Vocational Education, Research and Innovation",Sri Lanka Inventors' Commission,department,2020-08-09,Gotabaya Rajapaksa,Gotabaya Rajapaksa
2187-27_tr_144,"Minister of Higher Education, Technology and Innovation","State Minister of Skills Development, Vocational Education, Research and Innovation",National Engineering Research and Development Centre,department,2020-08-09,Gotabaya Rajapaksa,Gotabaya Rajapaksa
2187-27_tr_145,"Minister of Higher Education, Technology and Innovation","State Minister of Skills Development, Vocational Education, Research and Innovation",National Research Council,department,2020-08-09,Gotabaya Rajapaksa,Gotabaya Rajapaksa
2187-27_tr_147,"Minister of Higher Education, Technology and Innovation","State Minister of Skills Development, Vocational Education, Research and Innovation",Secretariat of Science Technology & Innovation,department,2020-08-09,Gotabaya Rajapaksa,Gotabaya Rajapaksa
2187-27_tr_148,"Minister of Skills Development, Employment and Labour Relations","State Minister of Skills Development, Vocational Education, Research and Innovation",Tertiary and Vocational Education Commission,department,2020-08-09,Gotabaya Rajapaksa,Gotabaya Rajapaksa
2187-27_tr_149,"Minister of Higher Education, Technology and Innovation","State Minister of Skills Development, Vocational Education, Research and Innovation",National Science Foundation,department,2020-08-09,Gotabaya Rajapaksa,Gotabaya Rajapaksa
2187-27_tr_150,"Minister of Higher Education, Technology and Innovation","State Minister of Skills Development, Vocational Education, Research and Innovation",National Science and Technology Commission,department,2020-08-09,Gotabaya Rajapaksa,Gotabaya Rajapaksa
2187-27_tr_152,"Minister of Higher Education, Technology and Innovation","State Minister of Skills Development, Vocational Education, Research and Innovation",Planetarium of Sri Lanka,department,2020-08-09,Gotabaya Rajapaksa,Gotabaya Rajapaksa
2187-27_tr_153,"Minister of Higher Education, Technology and Innovation","State Minister of Skills Development, Vocational Education, Research and Innovation",Arthur C. Clarke Centre for Modern Technology,department,2020-08-09,Gotabaya Rajapaksa,Gotabaya Rajapaksa
2187-27_tr_155,"Minister of Higher Education, Technology and Innovation","State Minister of Dhamma Schools, Bhikkhu Education, Piriven and Buddhist Universities",Buddhasravaka Bhiksu University,department,2020-08-09,Gotabaya Rajapaksa,Gotabaya Rajapaksa
2187-27_tr_156,"Minister of Higher Education, Technology and Innovation","State Minister of Dhamma Schools, Bhikkhu Education, Piriven and Buddhist Universities",Buddhist and Pali University,department,2020-08-09,Gotabaya Rajapaksa,Gotabaya Rajapaksa
2187-27_tr_157,Minister of Education,"State Minister of Dhamma Schools, Bhikkhu Education, Piriven and Buddhist Universities",Piriven Education Board,department,2020-08-09,Gotabaya Rajapaksa,Gotabaya Rajapaksa
2187-27_tr_160,State Minister of Social Security,Minister of Health,Department of Social Services,department,2020-08-09,Gotabaya Rajapaksa,Gotabaya Rajapaksa
2187-27_tr_161,State Minister of Social Security,Minister of Health,National Council for Elders and National Secretariat for Elders,department,2020-08-09,Gotabaya Rajapaksa,Gotabaya Rajapaksa
2187-27_tr_164,Minister of Health,"State Minister of Production, Supply and Regulation of Pharmaceuticals",State Pharmaceutical Corporation,department,2020-08-09,Gotabaya Rajapaksa,Gotabaya Rajapaksa
2187-27_tr_165,Minister of Health,"State Minister of Production, Supply and Regulation of Pharmaceuticals",State Pharmaceutical Manufacturing Corporation,department,2020-08-09,Gotabaya Rajapaksa,Gotabaya Rajapaksa
2187-27_tr_166,Minister of Health,"State Minister of Production, Supply and Regulation of Pharmaceuticals",National Drugs Regulatory Authority,department,2020-08-09,Gotabaya Rajapaksa,Gotabaya Rajapaksa
2187-27_tr_167,State Minister of Indigenous Medical Services,"State Minister of Indigenous Medicine Promotion, Rural and Ayurvedic Hospitals Development and Community Health",Department of Ayurveda,department,2020-08-09,Gotabaya Rajapaksa,Gotabaya Rajapaksa
2187-27_tr_168,State Minister of Indigenous Medical Services,"State Minister of Indigenous Medicine Promotion, Rural and Ayurvedic Hospitals Development and Community Health",Sri Lanka Ayurvedic Drugs Corporation,department,2020-08-09,Gotabaya Rajapaksa,Gotabaya Rajapaksa
2187-27_tr_169,State Minister of Indigenous Medical Services,"State Minister of Indigenous Medicine Promotion, Rural and Ayurvedic Hospitals Development and Community Health",Ayurvedic Medical Council,department,2020-08-09,Gotabaya Rajapaksa,Gotabaya Rajapaksa
2187-27_tr_170,State Minister of Indigenous Medical Services,"State Minister of Indigenous Medicine Promotion, Rural and Ayurvedic Hospitals Development and Community Health",Ayurvedic College and Hospital Board,department,2020-08-09,Gotabaya Rajapaksa,Gotabaya Rajapaksa
2187-27_tr_171,State Minister of Indigenous Medical Services,"State Minister of Indigenous Medicine Promotion, Rural and Ayurvedic Hospitals Development and Community Health",Ayurveda Teaching and Research Hospitals,department,2020-08-09,Gotabaya Rajapaksa,Gotabaya Rajapaksa
2187-27_tr_172,State Minister of Indigenous Medical Services,"State Minister of Indigenous Medicine Promotion, Rural and Ayurvedic Hospitals Development and Community Health","Homeopathy Hospital, Welisara",department,2020-08-09,Gotabaya Rajapaksa,Gotabaya Rajapaksa
2187-27_tr_173,State Minister of Indigenous Medical Services,"State Minister of Indigenous Medicine Promotion, Rural and Ayurvedic Hospitals Development and Community Health",Homeopathy Medical Council,department,2020-08-09,Gotabaya Rajapaksa,Gotabaya Rajapaksa
2187-27_tr_176,"Minister of Skills Development, Employment and Labour Relations",Minister of Labour,Department of Labour,department,2020-08-09,Gotabaya Rajapaksa,Gotabaya Rajapaksa
2187-27_tr_177,"Minister of Skills Development, Employment and Labour Relations",Minister of Labour,National Institute of Labour Studies,department,2020-08-09,Gotabaya Rajapaksa,Gotabaya Rajapaksa
2187-27_tr_178,"Minister of Skills Development, Employment and Labour Relations",Minister of Labour,Employees' Provident Fund,department,2020-08-09,Gotabaya Rajapaksa,Gotabaya Rajapaksa
2187-27_tr_179,"Minister of Skills Development, Employment and Labour Relations",Minister of Labour,National Institute for Occupational Safety and Health,department,2020-08-09,Gotabaya Rajapaksa,Gotabaya Rajapaksa
2187-27_tr_180,"Minister of Skills Development, Employment and Labour Relations",Minister of Labour,Office of the Commissioner of Workmen's Compensation,department,2020-08-09,Gotabaya Rajapaksa,Gotabaya Rajapaksa
2187-27_tr_181,"Minister of Skills Development, Employment and Labour Relations",Minister of Labour,National Productivity Secretariat,department,2020-08-09,Gotabaya Rajapaksa,Gotabaya Rajapaksa
2187-27_tr_183,"Minister of Skills Development, Employment and Labour Relations",State Minister of Foreign Employment Promotion and Market Diversification,Sri Lanka Foreign Employment Bureau,department,2020-08-09,Gotabaya Rajapaksa,Gotabaya Rajapaksa
2187-27_tr_184,"Minister of Skills Development, Employment and Labour Relations",State Minister of Foreign Employment Promotion and Market Diversification,Sri Lanka Foreign Employment Agency,department,2020-08-09,Gotabaya Rajapaksa,Gotabaya Rajapaksa
2187-27_tr_188,Minister of Environment,Minister of Wildlife and Forest Conservation,State Timber Corporation,department,2020-08-09,Gotabaya Rajapaksa,Gotabaya Rajapaksa
2187-27_tr_189,Minister of Environment,"State Minister of Wildlife Protection, Adoption of safety measures including the construction of electrical fences and trenches and reforestation and forest resource development",Department of Forest Conservation,department,2020-08-09,Gotabaya Rajapaksa,Gotabaya Rajapaksa
2187-27_tr_190,Minister of Environment,"State Minister of Wildlife Protection, Adoption of safety measures including the construction of electrical fences and trenches and reforestation and forest resource development",Department of Wildlife Conservation,department,2020-08-09,Gotabaya Rajapaksa,Gotabaya Rajapaksa
2187-27_tr_194,Minister of Plantation Industries and Export Agriculture,Minister of Agriculture,Department of Export Agriculture,department,2020-08-09,Gotabaya Rajapaksa,Gotabaya Rajapaksa
2187-27_tr_195,Minister of Plantation Industries and Export Agriculture,Minister of Agriculture,Elkaduwa Plantation Company Ltd.,department,2020-08-09,Gotabaya Rajapaksa,Gotabaya Rajapaksa
2187-27_tr_199,"Minister of Internal Trade, Food Security and Consumer Welfare","State Minister of Paddy and Grains, Organic Food, Vegetables, Fruits, Chilies, Onion and Potato Cultivation Promotion, Seed Production and Advanced Technology Agriculture",Divisional Economic Centres,department,2020-08-09,Gotabaya Rajapaksa,Gotabaya Rajapaksa
2187-27_tr_200,Minister of Agriculture,"State Minister of Paddy and Grains, Organic Food, Vegetables, Fruits, Chilies, Onion and Potato Cultivation Promotion, Seed Production and Advanced Technology Agriculture",Paddy Marketing Board,department,2020-08-09,Gotabaya Rajapaksa,Gotabaya Rajapaksa
2187-27_tr_201,Minister of Agriculture,"State Minister of Paddy and Grains, Organic Food, Vegetables, Fruits, Chilies, Onion and Potato Cultivation Promotion, Seed Production and Advanced Technology Agriculture",Department of Agrarian Development,department,2020-08-09,Gotabaya Rajapaksa,Gotabaya Rajapaksa
2187-27_tr_202,Minister of Agriculture,"State Minister of Paddy and Grains, Organic Food, Vegetables, Fruits, Chilies, Onion and Potato Cultivation Promotion, Seed Production and Advanced Technology Agriculture",Hector Kobbekaduwa Agrarian Research and Training Institute,department,2020-08-09,Gotabaya Rajapaksa,Gotabaya Rajapaksa
2187-27_tr_203,Minister of Agriculture,"State Minister of Paddy and Grains, Organic Food, Vegetables, Fruits, Chilies, Onion and Potato Cultivation Promotion, Seed Production and Advanced Technology Agriculture",Sri Lanka Council for Agricultural Research Policy,department,2020-08-09,Gotabaya Rajapaksa,Gotabaya Rajapaksa
2187-27_tr_204,Minister of Agriculture,"State Minister of Paddy and Grains, Organic Food, Vegetables, Fruits, Chilies, Onion and Potato Cultivation Promotion, Seed Production and Advanced Technology Agriculture",Institute of Post-Harvest Technology,department,2020-08-09,Gotabaya Rajapaksa,Gotabaya Rajapaksa
2187-27_tr_206,Minister of Agriculture,State Minister of Production and Supply of Fertilizer and Regulation of Chemical Fertilizer and Insecticide Use,Pulses and Grain Research and Production Authority,department,2020-08-09,Gotabaya Rajapaksa,Gotabaya Rajapaksa
2187-27_tr_207,Minister of Agriculture,State Minister of Production and Supply of Fertilizer and Regulation of Chemical Fertilizer and Insecticide Use,Ceylon Fertilizer Company Ltd.,department,2020-08-09,Gotabaya Rajapaksa,Gotabaya Rajapaksa
2187-27_tr_208,Minister of Agriculture,State Minister of Production and Supply of Fertilizer and Regulation of Chemical Fertilizer and Insecticide Use,Colombo Commercial Fertilizer Company,department,2020-08-09,Gotabaya Rajapaksa,Gotabaya Rajapaksa
2187-27_tr_209,Minister of Agriculture,State Minister of Production and Supply of Fertilizer and Regulation of Chemical Fertilizer and Insecticide Use,Janatha Fertilizer Enterprises Ltd.,department,2020-08-09,Gotabaya Rajapaksa,Gotabaya Rajapaksa
2187-27_tr_210,Minister of Agriculture,State Minister of Production and Supply of Fertilizer and Regulation of Chemical Fertilizer and Insecticide Use,National Agricultural Diversification and Settlement Authority,department,2020-08-09,Gotabaya Rajapaksa,Gotabaya Rajapaksa
2187-27_tr_212,Minister of Agriculture,"State Minister of Livestock, Farm Promotion and Dairy and Egg Related Industries",Department of Animal Production and Health,department,2020-08-09,Gotabaya Rajapaksa,Gotabaya Rajapaksa
2187-27_tr_213,Minister of Agriculture,"State Minister of Livestock, Farm Promotion and Dairy and Egg Related Industries",National Livestock Development Board and affiliated companies,department,2020-08-09,Gotabaya Rajapaksa,Gotabaya Rajapaksa
2187-27_tr_214,Minister of Agriculture,"State Minister of Livestock, Farm Promotion and Dairy and Egg Related Industries",Mahaweli Livestock Enterprise Limited,department,2020-08-09,Gotabaya Rajapaksa,Gotabaya Rajapaksa
2187-27_tr_215,Minister of Agriculture,"State Minister of Livestock, Farm Promotion and Dairy and Egg Related Industries",Milco (Pvt.) Ltd.,department,2020-08-09,Gotabaya Rajapaksa,Gotabaya Rajapaksa
2187-27_tr_218,Minister of Agriculture,Minister of Irrigation,Department of Irrigation,department,2020-08-09,Gotabaya Rajapaksa,Gotabaya Rajapaksa
2187-27_tr_219,Minister of Agriculture,Minister of Irrigation,"Major development projects including Uma Oya, Moragahakanda, Kalu Ganga, Gin, Nilwala, Malwathu Oya",department,2020-08-09,Gotabaya Rajapaksa,Gotabaya Rajapaksa
2187-27_tr_220,Minister of Agriculture,Minister of Irrigation,Central Engineering Consultancy Bureau and its subsidiaries and affiliated companies,department,2020-08-09,Gotabaya Rajapaksa,Gotabaya Rajapaksa
2187-27_tr_221,Minister of Agriculture,Minister of Irrigation,Engineering Council of Sri Lanka,department,2020-08-09,Gotabaya Rajapaksa,Gotabaya Rajapaksa
2187-27_tr_222,Minister of Agriculture,Minister of Irrigation,Water Resources Board,department,2020-08-09,Gotabaya Rajapaksa,Gotabaya Rajapaksa
2187-27_tr_230,Minister of Lands,"State Minister of Land Management, State Enterprises Land and Property Development",Department of Land Use Policy Planning,department,2020-08-09,Gotabaya Rajapaksa,Gotabaya Rajapaksa
2187-27_tr_231,Minister of Lands,"State Minister of Land Management, State Enterprises Land and Property Development",Department of Land Settlement,department,2020-08-09,Gotabaya Rajapaksa,Gotabaya Rajapaksa
2187-27_tr_234,Minister of Fisheries,"State Minister of Ornamental Fish, Inland Fish and Prawn Farming, Fishery Harbour Development, Multiday Fishing Activities and Fish Exports",National Aquaculture Development Authority,department,2020-08-09,Gotabaya Rajapaksa,Gotabaya Rajapaksa
2187-27_tr_235,Minister of Fisheries,"State Minister of Ornamental Fish, Inland Fish and Prawn Farming, Fishery Harbour Development, Multiday Fishing Activities and Fish Exports",Ceylon Fisheries Harbour Corporation,department,2020-08-09,Gotabaya Rajapaksa,Gotabaya Rajapaksa
2187-27_tr_236,Minister of Fisheries,"State Minister of Ornamental Fish, Inland Fish and Prawn Farming, Fishery Harbour Development, Multiday Fishing Activities and Fish Exports",Cey-Nor Foundation Ltd.,department,2020-08-09,Gotabaya Rajapaksa,Gotabaya Rajapaksa
2187-27_tr_237,Minister of Fisheries,"State Minister of Ornamental Fish, Inland Fish and Prawn Farming, Fishery Harbour Development, Multiday Fishing Activities and Fish Exports",Sri Lanka Fisheries Corporation,department,2020-08-09,Gotabaya Rajapaksa,Gotabaya Rajapaksa
2187-27_tr_238,Minister of Fisheries,"State Minister of Ornamental Fish, Inland Fish and Prawn Farming, Fishery Harbour Development, Multiday Fishing Activities and Fish Exports",National Aquatic Resources Research and Development Agency,department,2020-08-09,Gotabaya Rajapaksa,Gotabaya Rajapaksa
2187-27_tr_244,Minister of Plantation,"State Minister of Company Estate Reforms, Tea Estates related Crops, Tea Factories Modernization and Tea Export Promotion",National Institute of Plantation Management,department,2020-08-09,Gotabaya Rajapaksa,Gotabaya Rajapaksa
2187-27_tr_245,Minister of Plantation,"State Minister of Company Estate Reforms, Tea Estates related Crops, Tea Factories Modernization and Tea Export Promotion",Kalubovitiyana Tea Factory Ltd.,department,2020-08-09,Gotabaya Rajapaksa,Gotabaya Rajapaksa
2187-27_tr_247,Minister of Plantation,"State Minister of Coconut, Kithul, Palmyrah and Rubber Cultivation Promotion and Related Industrial Product Manufacturing and Export Diversification",Kurunegala Plantation Company Ltd.,department,2020-08-09,Gotabaya Rajapaksa,Gotabaya Rajapaksa
2187-27_tr_248,Minister of Plantation,"State Minister of Coconut, Kithul, Palmyrah and Rubber Cultivation Promotion and Related Industrial Product Manufacturing and Export Diversification",Chilaw Plantation Company Ltd.,department,2020-08-09,Gotabaya Rajapaksa,Gotabaya Rajapaksa
2187-27_tr_249,Minister of Industries and Supply Chain Management,"State Minister of Coconut, Kithul, Palmyrah and Rubber Cultivation Promotion and Related Industrial Product Manufacturing and Export Diversification",Palmyrah Development Board,department,2020-08-09,Gotabaya Rajapaksa,Gotabaya Rajapaksa
2187-27_tr_250,Minister of Plantation,"State Minister of Coconut, Kithul, Palmyrah and Rubber Cultivation Promotion and Related Industrial Product Manufacturing and Export Diversification",Department of Rubber Development,department,2020-08-09,Gotabaya Rajapaksa,Gotabaya Rajapaksa
2187-27_tr_251,Minister of Plantation,"State Minister of Coconut, Kithul, Palmyrah and Rubber Cultivation Promotion and Related Industrial Product Manufacturing and Export Diversification",Rubber Research Institute,department,2020-08-09,Gotabaya Rajapaksa,Gotabaya Rajapaksa
2187-27_tr_252,Minister of Plantation,"State Minister of Coconut, Kithul, Palmyrah and Rubber Cultivation Promotion and Related Industrial Product Manufacturing and Export Diversification",Sri Lanka Rubber Manufacturing and Export Corporation,department,2020-08-09,Gotabaya Rajapaksa,Gotabaya Rajapaksa
2187-27_tr_253,Minister of Plantation,"State Minister of Coconut, Kithul, Palmyrah and Rubber Cultivation Promotion and Related Industrial Product Manufacturing and Export Diversification",Coconut Cultivation Board,department,2020-08-09,Gotabaya Rajapaksa,Gotabaya Rajapaksa
2187-27_tr_254,Minister of Plantation,"State Minister of Coconut, Kithul, Palmyrah and Rubber Cultivation Promotion and Related Industrial Product Manufacturing and Export Diversification",Coconut Development Authority,department,2020-08-09,Gotabaya Rajapaksa,Gotabaya Rajapaksa
2187-27_tr_255,Minister of Plantation,"State Minister of Coconut, Kithul, Palmyrah and Rubber Cultivation Promotion and Related Industrial Product Manufacturing and Export Diversification",Coconut Research Institute,department,2020-08-09,Gotabaya Rajapaksa,Gotabaya Rajapaksa
2187-27_tr_257,State Minister of Export Agriculture,"State Minister of Development of Minor Crops Plantation including Sugarcane, Maize, Cashew, Pepper, Cinnamon, Cloves, Betel Related Industries and Export Promotion",Sri Lanka Cashew Corporation,department,2020-08-09,Gotabaya Rajapaksa,Gotabaya Rajapaksa
2187-27_tr_258,State Minister of Export Agriculture,"State Minister of Development of Minor Crops Plantation including Sugarcane, Maize, Cashew, Pepper, Cinnamon, Cloves, Betel Related Industries and Export Promotion",Hingurana Sugar Industry Ltd.,department,2020-08-09,Gotabaya Rajapaksa,Gotabaya Rajapaksa
2187-27_tr_259,State Minister of Export Agriculture,"State Minister of Development of Minor Crops Plantation including Sugarcane, Maize, Cashew, Pepper, Cinnamon, Cloves, Betel Related Industries and Export Promotion",Ceylon Sugar (Pvt.) Ltd.,department,2020-08-09,Gotabaya Rajapaksa,Gotabaya Rajapaksa
2187-27_tr_260,State Minister of Export Agriculture,"State Minister of Development of Minor Crops Plantation including Sugarcane, Maize, Cashew, Pepper, Cinnamon, Cloves, Betel Related Industries and Export Promotion",Kantale Sugar Company Ltd.,department,2020-08-09,Gotabaya Rajapaksa,Gotabaya Rajapaksa
2187-27_tr_261,State Minister of Export Agriculture,"State Minister of Development of Minor Crops Plantation including Sugarcane, Maize, Cashew, Pepper, Cinnamon, Cloves, Betel Related Industries and Export Promotion",Sugar Cane Research Institute,department,2020-08-09,Gotabaya Rajapaksa,Gotabaya Rajapaksa
2187-27_tr_262,Minister of Plantation Industries and Export Agriculture,"State Minister of Development of Minor Crops Plantation including Sugarcane, Maize, Cashew, Pepper, Cinnamon, Cloves, Betel Related Industries and Export Promotion",Galoya Plantation (Pvt.) Company,department,2020-08-09,Gotabaya Rajapaksa,Gotabaya Rajapaksa
2187-27_tr_263,Minister of Plantation Industries and Export Agriculture,"State Minister of Development of Minor Crops Plantation including Sugarcane, Maize, Cashew, Pepper, Cinnamon, Cloves, Betel Related Industries and Export Promotion",Spices and Allied Products Marketing Board,department,2020-08-09,Gotabaya Rajapaksa,Gotabaya Rajapaksa
2187-27_tr_265,Minister of Urban Development and Housing,Minister of Water Supply,National Water Supply and Drainage Board,department,2020-08-09,Gotabaya Rajapaksa,Gotabaya Rajapaksa
2187-27_tr_267,Minister of Urban Development and Housing,State Minister of Rural and Divisional Drinking Water Supply Projects Development,Department of National Community Water Supply,department,2020-08-09,Gotabaya Rajapaksa,Gotabaya Rajapaksa
2187-27_tr_272,Minister of Power,"State Minister of Solar, Wind and Hydro Power Generation Projects Development",Sri Lanka Atomic Energy Board,department,2020-08-09,Gotabaya Rajapaksa,Gotabaya Rajapaksa
2187-27_tr_273,Minister of Power,"State Minister of Solar, Wind and Hydro Power Generation Projects Development",Sri Lanka Atomic Energy Regulatory Council,department,2020-08-09,Gotabaya Rajapaksa,Gotabaya Rajapaksa
2187-27_tr_274,State Minister of Renewable Energy & Power,"State Minister of Solar, Wind and Hydro Power Generation Projects Development",Sri Lanka Sustainable Energy Authority,department,2020-08-09,Gotabaya Rajapaksa,Gotabaya Rajapaksa
2187-27_tr_277,Minister of Power,Minister of Energy,Ceylon Petroleum Corporation,department,2020-08-09,Gotabaya Rajapaksa,Gotabaya Rajapaksa
2187-27_tr_278,Minister of Power,Minister of Energy,Ceylon Petroleum Storage Terminal Ltd.,department,2020-08-09,Gotabaya Rajapaksa,Gotabaya Rajapaksa
2187-27_tr_279,Minister of Power,Minister of Energy,Petroleum Resources Development Secretariat,department,2020-08-09,Gotabaya Rajapaksa,Gotabaya Rajapaksa
2187-27_tr_280,Minister of Power,Minister of Energy,Polipto Lanka (Pvt.) Ltd.,department,2020-08-09,Gotabaya Rajapaksa,Gotabaya Rajapaksa
2187-27_tr_289,Minister of Transport,"State Minister of Vehicle Regulation, Bus Transport Services and Train Compartments and Motor Car Industry",Sri Lanka Transport Board,department,2020-08-09,Gotabaya Rajapaksa,Gotabaya Rajapaksa
2187-27_tr_292,"Minister of Skills Development, Employment and Labour Relations",Minister of Youth and Sports,Department of Manpower and Employment,department,2020-08-09,Gotabaya Rajapaksa,Gotabaya Rajapaksa
2187-27_tr_294,Minister of Youth and Sports,State Minister of Rural and School Sports Infrastructure Improvement,National Institute of Sports Science,department,2020-08-09,Gotabaya Rajapaksa,Gotabaya Rajapaksa
2187-27_tr_295,Minister of Youth and Sports,State Minister of Rural and School Sports Infrastructure Improvement,National Sports Council,department,2020-08-09,Gotabaya Rajapaksa,Gotabaya Rajapaksa
2187-27_tr_296,Minister of Youth and Sports,State Minister of Rural and School Sports Infrastructure Improvement,Sugathadasa National Sports Complex Authority,department,2020-08-09,Gotabaya Rajapaksa,Gotabaya Rajapaksa
2187-27_tr_297,Minister of Youth and Sports,State Minister of Rural and School Sports Infrastructure Improvement,Institute of Sports Medicine,department,2020-08-09,Gotabaya Rajapaksa,Gotabaya Rajapaksa
2187-27_tr_298,Minister of Youth and Sports,State Minister of Rural and School Sports Infrastructure Improvement,Sri Lanka Anti-doping Agency,department,2020-08-09,Gotabaya Rajapaksa,Gotabaya Rajapaksa
2187-27_tr_303,Minister of Environment,Minister of Tourism,Department of National Zoological Gardens,department,2020-08-09,Gotabaya Rajapaksa,Gotabaya Rajapaksa
2187-27_tr_304,Minister of Environment,Minister of Tourism,Department of National Botanical Gardens,department,2020-08-09,Gotabaya Rajapaksa,Gotabaya Rajapaksa
2187-27_tr_307,Minister of Tourism,State Minister of Aviation and Export Zones Development,Civil Aviation Authority of Sri Lanka,department,2020-08-09,Gotabaya Rajapaksa,Gotabaya Rajapaksa
2187-27_tr_308,Minister of Tourism,State Minister of Aviation and Export Zones Development,Airport and Aviation Services (Sri Lanka) Ltd.,department,2020-08-09,Gotabaya Rajapaksa,Gotabaya Rajapaksa
2187-27_tr_309,Minister of Tourism,State Minister of Aviation and Export Zones Development,Sri Lankan Air Lines Limited and its subsidiaries,department,2020-08-09,Gotabaya Rajapaksa,Gotabaya Rajapaksa
2187-27_tr_311,Minister of Industrial Export and Investment Promotion,Minister of Trade,Sri Lanka Export Development Board,department,2020-08-09,Gotabaya Rajapaksa,Gotabaya Rajapaksa
2187-27_tr_312,"Minister of Higher Education, Technology and Innovation",Minister of Trade,Sri Lanka Accreditation Board for Conformity Assessment,department,2020-08-09,Gotabaya Rajapaksa,Gotabaya Rajapaksa
2187-27_tr_313,"Minister of Higher Education, Technology and Innovation",Minister of Trade,Sri Lanka Standards Institute,department,2020-08-09,Gotabaya Rajapaksa,Gotabaya Rajapaksa
2187-27_tr_314,"Minister of Higher Education, Technology and Innovation",Minister of Trade,National Intellectual Property Office of Sri Lanka,department,2020-08-09,Gotabaya Rajapaksa,Gotabaya Rajapaksa
2187-27_tr_315,"Minister of Higher Education, Technology and Innovation",Minister of Trade,Mahapola Higher Education Scholarship Trust Fund,department,2020-08-09,Gotabaya Rajapaksa,Gotabaya Rajapaksa
2187-27_tr_317,Minister of Trade,"State Minister of Cooperative Services, Marketing Development and Consumer Protection",Consumer Affairs Authority,department,2020-08-09,Gotabaya Rajapaksa,Gotabaya Rajapaksa
2187-27_tr_318,Minister of Trade,"State Minister of Cooperative Services, Marketing Development and Consumer Protection",National Institute of Co-operative Development,department,2020-08-09,Gotabaya Rajapaksa,Gotabaya Rajapaksa
2187-27_tr_319,Minister of Trade,"State Minister of Cooperative Services, Marketing Development and Consumer Protection",Department of Co-operative Development (Registrar of Co-operative Societies),department,2020-08-09,Gotabaya Rajapaksa,Gotabaya Rajapaksa
2187-27_tr_320,Minister of Trade,"State Minister of Cooperative Services, Marketing Development and Consumer Protection",Co-operative Employees Commission,department,2020-08-09,Gotabaya Rajapaksa,Gotabaya Rajapaksa
2187-27_tr_322,"Minister of Higher Education, Technology and Innovation",Minister of Industries,Centre of excellence for Robotic Applications,department,2020-08-09,Gotabaya Rajapaksa,Gotabaya Rajapaksa
2187-27_tr_324,Minister of Small & Medium Business and Enterprise Development,"State Minister of Batik, Handloom and Local Apparel Products",Sri Lanka Handicraft Board (Laksala),department,2020-08-09,Gotabaya Rajapaksa,Gotabaya Rajapaksa
2187-27_tr_325,Minister of Small & Medium Business and Enterprise Development,"State Minister of Batik, Handloom and Local Apparel Products",National Design Centre,department,2020-08-09,Gotabaya Rajapaksa,Gotabaya Rajapaksa
2187-27_tr_327,Minister of Industries,State Minister of Gem and Jewellery related Industries,National Gem and Jewellery Authority,department,2020-08-09,Gotabaya Rajapaksa,Gotabaya Rajapaksa
2187-27_tr_328,Minister of Industries,State Minister of Gem and Jewellery related Industries,Gem and Jewellery Research Institute,department,2020-08-09,Gotabaya Rajapaksa,Gotabaya Rajapaksa
2187-27_tr_330,"Minister of Higher Education, Technology and Innovation","State Minister of Rattan, Brass, Pottery, Furniture and Rural Industrial Promotion",Timber-related design centre,department,2020-08-09,Gotabaya Rajapaksa,Gotabaya Rajapaksa
2187-27_tr_331,Minister of Small & Medium Business and Enterprise Development,"State Minister of Rattan, Brass, Pottery, Furniture and Rural Industrial Promotion",Vidatha Centres,department,2020-08-09,Gotabaya Rajapaksa,Gotabaya Rajapaksa
2187-27_tr_332,Minister of Small & Medium Business and Enterprise Development,"State Minister of Rattan, Brass, Pottery, Furniture and Rural Industrial Promotion",National Crafts Council,department,2020-08-09,Gotabaya Rajapaksa,Gotabaya Rajapaksa
2187-27_tr_337,Minister of Mass Media,State Minister of Postal Services and Professional Development of Journalists,Postal Department,department,2020-08-09,Gotabaya Rajapaksa,Gotabaya Rajapaksa
2187-27_tr_339,Minister of Defence,Institutions Operating with Guidance and Coordination at National Level for National Priorities,The Telecommunications Regulatory Commission of Sri Lanka,department,2020-08-09,Gotabaya Rajapaksa,Gotabaya Rajapaksa
2187-27_tr_341,Minister of Defence,Institutions Operating with Guidance and Coordination at National Level for National Priorities,Sri Lanka Computer Emergency Readiness Team,department,2020-08-09,Gotabaya Rajapaksa,Gotabaya Rajapaksa
2187-27_tr_344,Minister of Mass Media,Institutions Operating with Guidance and Coordination at National Level for National Priorities,Sri Lanka Telecom and its subsidiaries and affiliated companies,department,2020-08-09,Gotabaya Rajapaksa,Gotabaya Rajapaksa
2187-27_tr_345,Minister of Defence,Institutions Operating with Guidance and Coordination at National Level for National Priorities,All Information Technology Parks,department,2020-08-09,Gotabaya Rajapaksa,Gotabaya Rajapaksa
2187-27_tr_205,Minister of Agriculture,State Minister of Production and Supply of Fertilizer and Regulation of Chemical Fertilizer and Insecticide Use,National Fertilizer Secretariat,department,2020-08-09,Gotabaya Rajapaksa,Gotabaya Rajapaksa
2187-27_tr_293,,Minister of Youth and Sports,National Youth Services Council,department,2020-08-09,Gotabaya Rajapaksa,Gotabaya Rajapaksa
2187-27_tr_294,,Minister of Youth and Sports,National Youth Corps,department,2020-08-09,Gotabaya Rajapaksa,Gotabaya Rajapaksa
2187-27_tr_295,,Minister of Youth and Sports,National Youths Services Co-operative Limited,department,2020-08-09,Gotabaya Rajapaksa,Gotabaya Rajapaksa
2187-27_tr_296,,Minister of Youth and Sports,National Centre for Leadership Development,department,2020-08-09,Gotabaya Rajapaksa,Gotabaya Rajapaksa
2187-27_tr_297,,Minister of Youth and Sports,Institute of Smart Sri Lanka,department,2020-08-09,Gotabaya Rajapaksa,Gotabaya Rajapaksa
2187-27_tr_298,,State Minister of Money and Capital Market and State Enterprise Reforms,Housing Development Finance Corporation,department,2020-08-09,Gotabaya Rajapaksa,Gotabaya Rajapaksa
2187-27_tr_299,,State Minister of Money and Capital Market and State Enterprise Reforms,State Mortgage and Investment Bank,department,2020-08-09,Gotabaya Rajapaksa,Gotabaya Rajapaksa
2187-27_tr_300,,"State Minister of Samurdhi, Household Economy, Micro Finance, Self Employment, Business Development and Underutilized State Resources Development",Regional Development Bank,department,2020-08-09,Gotabaya Rajapaksa,Gotabaya Rajapaksa
2187-27_tr_301,,Minister of Finance,Department of Development Finance,department,2020-08-09,Gotabaya Rajapaksa,Gotabaya Rajapaksa
2187-27_tr_302,,Minister of Finance,Credit Information Bureau,department,2020-08-09,Gotabaya Rajapaksa,Gotabaya Rajapaksa
2187-27_tr_303,,Minister of Finance,Sri Lanka Export Credit Insurance Corporation,department,2020-08-09,Gotabaya Rajapaksa,Gotabaya Rajapaksa
2187-27_tr_307,,Minister of Finance,National Planning Department,department,2020-08-09,Gotabaya Rajapaksa,Gotabaya Rajapaksa
2187-27_tr_308,,State Minister of Money and Capital Market and State Enterprise Reforms,Department of Public Enterprises,department,2020-08-09,Gotabaya Rajapaksa,Gotabaya Rajapaksa
2187-27_tr_309,,Minister of Finance,Department of Trade and Investment Policies,department,2020-08-09,Gotabaya Rajapaksa,Gotabaya Rajapaksa
2187-27_tr_310,,Minister of Finance,Department of Census and Statistics,department,2020-08-09,Gotabaya Rajapaksa,Gotabaya Rajapaksa
2187-27_tr_311,,Minister of Finance,Department of Valuation,department,2020-08-09,Gotabaya Rajapaksa,Gotabaya Rajapaksa
2187-27_tr_312,,Minister of Finance,Department of Registrar Companies,department,2020-08-09,Gotabaya Rajapaksa,Gotabaya Rajapaksa
2187-27_tr_313,,Foreign Minister,Department of Commerce,department,2020-08-09,Gotabaya Rajapaksa,Gotabaya Rajapaksa
2187-27_tr_314,,Minister of Finance,Sustainable Development Council,department,2020-08-09,Gotabaya Rajapaksa,Gotabaya Rajapaksa
2187-27_tr_315,,Minister of Tourism,Sri Lanka Convention Bureau,department,2020-08-09,Gotabaya Rajapaksa,Gotabaya Rajapaksa
2187-27_tr_346,,Minister of Finance,Department of Information Technology Management,department,2020-08-09,Gotabaya Rajapaksa,Gotabaya Rajapaksa
2187-27_tr_347,,Minister of Mass Media,Sri Lanka Press Council,department,2020-08-09,Gotabaya Rajapaksa,Gotabaya Rajapaksa
2187-27_tr_348,,Minister of Mass Media,"Associated Newspapers of Ceylon Ltd.",department,2020-08-09,Gotabaya Rajapaksa,Gotabaya Rajapaksa
2187-27_tr_349,,Minister of Mass Media,"Lanka Puwath Ltd.",department,2020-08-09,Gotabaya Rajapaksa,Gotabaya Rajapaksa
2187-27_tr_350,,Minister of Mass Media,Right to Information Commission,department,2020-08-09,Gotabaya Rajapaksa,Gotabaya Rajapaksa
2187-27_tr_351,,"State Minister of National Heritage, Performing Arts and Rural Arts Promotion",Mahinda Rajapaksa National Tele Cinema Park,department,2020-08-09,Gotabaya Rajapaksa,Gotabaya Rajapaksa
2187-27_tr_352,,State Minister of Postal Services and Professional Development of Journalists,Postal Department,department,2020-08-09,Gotabaya Rajapaksa,Gotabaya Rajapaksa
2187-27_tr_353,,Minister of Plantation,Sri Lanka Tea Board,department,2020-08-09,Gotabaya Rajapaksa,Gotabaya Rajapaksa
2187-27_tr_354,,Minister of Plantation,Tea Research Institute,department,2020-08-09,Gotabaya Rajapaksa,Gotabaya Rajapaksa
2187-27_tr_355,,Minister of Plantation,Tea Small Holdings Development Authority,department,2020-08-09,Gotabaya Rajapaksa,Gotabaya Rajapaksa
2187-27_tr_356,,Minister of Finance,Tea Shakthi Fund,department,2020-08-09,Gotabaya Rajapaksa,Gotabaya Rajapaksa
2187-27_tr_357,,"State Minister of Company Estate Reforms, Tea Estates related Crops, Tea Factories Modernization and Tea Export Promotion","Kalubovitiyana Tea Factory Ltd.",department,2020-08-09,Gotabaya Rajapaksa,Gotabaya Rajapaksa
2187-27_tr_358,,Minister of Power,Ceylon Electricity Company,department,2020-08-09,Gotabaya Rajapaksa,Gotabaya Rajapaksa
2187-27_tr_359,,Minister of Power,Ceylon Coal Pvt. Ltd.,department,2020-08-09,Gotabaya Rajapaksa,Gotabaya Rajapaksa
2187-27_tr_360,,"State Minister of Solar, Wind and Hydro Power Generation Projects Development",Sri Lanka Sustainable Energy Authority,department,2020-08-09,Gotabaya Rajapaksa,Gotabaya Rajapaksa
2187-27_tr_361,,Minister of Energy,Ceylon Petroleum Storage Terminal Ltd.,department,2020-08-09,Gotabaya Rajapaksa,Gotabaya Rajapaksa
2187-27_tr_362,,Minister of Energy,Polipto Lanka (Pvt.) Ltd.,department,2020-08-09,Gotabaya Rajapaksa,Gotabaya Rajapaksa